{
    "val_p": 35,
    "val_ust": 21.0,
    "qd_min": 0,
    "qd_max": 1000,
    "length": 5.000000000000001,
    "width": 5.000000000000001,
    "height": 3,
    "c": 3.679297089511258,
    "d": 1.2,
    "u1": 0.2,
    "u2": 46,
    "num_window": 1,
    "t_outside": 35,
    "open_wind": 0.5,
    "s2": 7,
    "s1": 53.000000000000014,
    "t_p": 0.01,
    "t_sim": 10,
    "u_max": 10,
    "u_min": -10,
    "k_p": 0.0036,
    "t_i": 0.01,
    "t_d": 2,
    "val_min": -20,
    "val_max": 50
}