{
    "val_p": 17.0,
    "val_ust": 21.0,
    "qd_min": 0.0,
    "qd_max": 1000.0,
    "length": 6.5,
    "width": 8.5,
    "height": 3.5,
    "c": 3.679297089511258,
    "d": 1.2,
    "u1": 0.2,
    "u2": 0.9,
    "num_window": 1,
    "t_outside": 0,
    "open_wind": 0.5,
    "s2": 4.5,
    "s1": 100.5,
    "t_p": 28.395,
    "t_sim": 520,
    "u_max": 10,
    "u_min": 0,
    "k_p": 0.00025,
    "t_i": 0.01,
    "t_d": 2,
    "val_min": -20,
    "val_max": 50
}