{
    "val_p": 17.0,
    "val_ust": 21.0,
    "qd_min": 0.0,
    "qd_max": 1000.0,
    "length": 5,
    "width": 5,
    "height": 3,
    "c": 3.679297089511258,
    "d": 1.2,
    "u1": 0.4,
    "u2": 15,
    "num_window": 1,
    "t_outside": 0,
    "open_wind": 0.5,
    "s2": 0.8,
    "s1": 59.2,
    "t_p": 0.01,
    "t_sim": 500,
    "u_max": 18,
    "u_min": 2,
    "k_p": 5e-05,
    "t_i": 0.0074399999999999996,
    "t_d": 0.005,
    "val_min": -20,
    "val_max": 50
}