{
    "val_p": 17.0,
    "val_ust": 21.0,
    "qd_min": 0.0,
    "qd_max": 1000.0,
    "length": 5,
    "width": 5,
    "height": 3,
    "c": 3.679297089511258,
    "d": 1.2,
    "u1": 0.2,
    "u2": 0.9,
    "num_window": 1,
    "t_outside": 0,
    "open_wind": 0.5,
    "s2": 0.8,
    "s1": 59.2,
    "t_p": 0.01,
    "t_sim": 250,
    "u_max": 10,
    "u_min": 0,
    "k_p": 0.00030000000000000003,
    "t_i": 0.00045,
    "t_d": 181.21500000000003,
    "val_min": -20,
    "val_max": 50
}