{
    "val_p": -11.4,
    "val_ust": 24.1,
    "qd_min": 0,
    "qd_max": 520,
    "length": 5.000000000000001,
    "width": 5,
    "height": 3,
    "c": 3.679297089511258,
    "d": 1.2,
    "u1": 0.30000000000000004,
    "u2": 3,
    "num_window": 1,
    "t_outside": 0,
    "open_wind": 0.07,
    "s2": 4,
    "s1": 56.00000000000001,
    "t_p": 0.005,
    "t_sim": 250,
    "u_max": 10,
    "u_min": 0,
    "k_p": 0.003,
    "t_i": 1e-05,
    "t_d": 0.005,
    "val_min": -20,
    "val_max": 50
}