{
    "val_p": 9.600000000000001,
    "val_ust": 22.5,
    "qd_min": 0.0,
    "qd_max": 1000.0,
    "length": 5,
    "width": 5,
    "height": 3,
    "c": 3.679297089511258,
    "d": 1.2,
    "u1": 0.2,
    "u2": 0.9,
    "num_window": 1,
    "t_outside": 15.700000000000003,
    "open_wind": 0.5,
    "s2": 0.8,
    "s1": 59.2,
    "t_p": 0.01,
    "t_sim": 60,
    "u_max": 10,
    "u_min": 0,
    "k_p": 0.0015,
    "t_i": 0.00895,
    "t_d": 0.6900000000000001,
    "val_min": -20,
    "val_max": 20
}